{
  "daftar_pahlawan":
  [
    {
      "nama": "BudiYONO SIREGAR ",
      "nama2": "Jendral Kapal Laut",
      "kategori": "Pahlawan Nasional angkatan laut",
      "asal": "Rangkas",
      "lahir": "Senin, 7 Januari 2000 di Rangkas, Lebak, Banten",
      "usia": "24 tahun",
      "gugur": "Masih Hdup Melawan KAKEK PETIR",
      "lokasimakam": "Masih Di Cari",
      "history": "Menguasai Samudra, Masih Berjuang Melawan Kakek Petir",
      "img": "https://irmuna.wordpress.com/wp-content/uploads/2024/07/1000159086.png?w=724"
    },
    {
      "nama": "A.H. Nasution ",
      "nama2": "Jendral Besar Dr.Abdul Haris Nasution",
      "kategori": "Pahlawan Nasional",
      "asal": "Sumatera Utara",
      "lahir": "Selasa, 3 Desember 1918 di Kotanopan, Mandailing Natal, Sumatera Utara",
      "usia": "81 tahun",
      "gugur": "Selasa Wage, 5 September 2000 di Jakarta, Indonesia",
      "lokasimakam": "Taman Makam Pahlawan (TMP) Kalibata, Jakarta.",
      "history": "Jenderal Besar TNI, Panglima Angkatan Perang Republik Indonesia, Ketua Ketua Majelis Permusyawaratan Rakyat ke-2 (MPRS), Menteri Pertahanan ke-12, Kepala Staf TNI Angkatan Darat (KASAD, KSAD) sebanyak 2 Kali. Ahli perang gerilya, peletak dasar perang gerilya, penulis buku yang fenomenal dengan judul Fundamentals of Guerrilla Warfare, yang diterjemahkan ke berbagai bahasa asing, dan menjadi buku wajib akademi militer di sejumlah negara, termasuk sekolah elite militer dunia, West Point, Amerika Serikat.Jenderal Besar Dr. Abdul Haris Nasution (lahir di Kotanopan, Sumatera Utara, 3 Desember 1918 – meninggal di Jakarta, 6 September 2000 pada umur 81 tahun) adalah seorang pahlawan nasional Indonesia yang merupakan salah satu tokoh yang menjadi sasaran dalam peristiwa Gerakan 30 September, namun yang menjadi korban adalah putrinya Ade Irma Suryani Nasution dan ajudannya, Lettu Pierre Tendean.Sebagai seorang tokoh militer, Nasution sangat dikenal sebagai ahli perang gerilya. Pak Nas demikian sebutannya dikenal juga sebagai penggagas dwifungsi ABRI. Orde Baru yang ikut didirikannya (walaupun ia hanya sesaat saja berperan di dalamnya). Beliau juga dikenal sebagai peletak dasar perang gerilya. Gagasan perang gerilya dituangkan dalam bukunya yang fenomenal, Fundamentals of Guerrilla Warfare. Selain diterjemahkan ke berbagai bahasa asing, karya itu menjadi buku wajib akademi militer di sejumlah negara, termasuk sekolah elite militer dunia, West Point, Amerika Serikat.Pada Maret 1946, ia diangkat menjadi Panglima Divisi III/Priangan. Mei 1946, ia dilantik Presiden Soekarno sebagai Panglima Divisi Siliwangi.Pada 5 Oktober 1997, bertepatan dengan hari ABRI, Nasution dianugerahi pangkat Jendral Besar bintang lima. Nasution tutup usia di RS Gatot Soebroto pada 6 September 2000 dan dimakamkan di TMP Kalibata, Jakarta.",
      "img": "https://encrypted-tbn1.gstatic.com/images?q=tbn:ANd9GcRLJTibtOHnx35tr8a_q58A6ktqzH3jnfAFZoPR3HEC6Fy89HP_"
    },
    {
      "nama": "A.Wahab Hasbullah",
      "nama2": "KH. Abdul Wahab Chasbullah, Kyai Wahab",
      "kategori": "Pahlawan Nasional",
      "asal": "Jawa Timur",
      "lahir": "LLahir :Sabtu, 31 Maret 1888 di Jombang, Jawa Timur",
      "usia": "83 Tahun",
      "gugur": "Rabu, 29 Desember 1971 di Jombang, Jawa Timur",
      "lokasimakam": "Pondok Pesantren Tambak Beras Jombang Jawa timur",
      "history": "Tokoh kemerdekaan, Tokoh Islam, salah seorang pendiri NU (Nahdlatul Ulama). Ketua Tim Komite Hijaz. Pendiri harian umum Soeara Nahdlatul Oelama (NO) dan Berita Nahdlatul Ulama. Pendiri Organisasi Pemuda Islam bernama Nahdlatul Wathan (Kebangkitan Tanah Air). Panglima Laskar Mujahidin (Hizbullah) ketika melawan penjajah Jepang. Pelopor kebebasan dalam keberagamaan terutama kebebasan berpikir dan berpendapat di kalangan Umat Islam Indonesia. Inspirator Gerakan Pemuda Ansor. Rais Am NU.KH Abdul Wahab Hasbullah adalah seorang ulama yang berpandangan modern, dakwahnya dimulai dengan mendirikan surat kabar, yaitu harian umum “Soeara Nahdlatul Oelama” atau Soeara NO dan Berita Nahdlatul Ulama. Beliau bersama dengan KH Hasyim Asy'ari menghimpun tokoh pesantren dan keduanya mendirikan Nahdlatul Ulama (Kebangkitan Ulama) pada tahun 1926. Kiai Wahab juga berperan membentuk Majelis Syuro Muslimin Indonesia (Masyumi). Pada masa perjuangan mempertahankan kemerdekaan, Kiai Wahab bersama Hasyim Asy'ari dari Jombang dan Kiai Abbas dari Cirebon merumuskan Resolusi Jihad sebagai dukungan terhadap perjuangan kemerdekaan.Kyai Wahab pernah menjadi Ketua Tim Komite Hijaz. Beliau juga sebagai pendiri Organisasi Pemuda Islam bernama Nahdlatul Wathan (Kebangkitan Tanah Air), pernah sebagai Panglima Laskar Mujahidin (Hizbullah) ketika melawan penjajah Jepang. Kyai Wahab Hasbullah adalah pelopor kebebasan berpikir di kalangan Umat Islam Indonesia. Beliau merupakan seorang ulama yang menekankan pentingnya kebebasan dalam keberagamaan terutama kebebasan berpikir dan berpendapat. Salah satunya dengan membentuk kelompok diskusi Tashwirul Afkar (Pergolakan Pemikiran) di Surabaya.Sesudah Hasyim Asy'ari meninggal dunia, Kiai Wahab menjadi Rais Am NU. Beliau meningkatkan dukungan NU kepada Pemerintah Indonesia dalam memenangi perang melawan Pemerintah Belanda. Belau meninggal di Jombang 29 Desember 1971 pada umur 83 tahun, dan dimakamkan di Pondok Pesantren Tambak Beras Jombang Jawa timur.",
      "img": "https://storage.nu.or.id/storage/post/16_9/mid/1585623203.jpg"
    },
    {
      "nama": "Abdul Muis",
      "nama2": "Abdoel Moeis",
      "kategori": "Pahlawan Kemerdekaan Nasional",
      "asal": "Sumatera Barat",
      "lahir": "Selasa, 3 Juli 1883  di Sungai Puar, Agam, Sumatera Barat",
      "usia": "75 tahun",
      "gugur": "Rabu, 17 Juni 1959 di Bandung, Jawa Barat",
      "lokasimakam": "Lokasi Makam :Taman Makam Pahlawan (TMP) Cikutra, Bandung, Jawa Barat.",
      "history": "Pejuang Kemerdekaan Indonesia, Politisi, Jurnalis, Penulis Buku. Menteri Luar Negeri. Pemimpin kedua di SI (Sarekat Islam). Anggota BPUPKI. Ketua Dewan Kehormatan PWI.Abdoel Moeis (lahir di Sungai Puar, Agam, Sumatera Barat, Selasa Legi 3 Juli 1883 – meninggal di Bandung, Jawa Barat, Rabu Pon 17 Juni 1959 pada umur 75 tahun) adalah seorang sastrawan, politisi, wartawan Indonesia. Dia merupakan pengurus besar Sarekat Islam dan pernah menjadi anggota Volksraad mewakili organisasi tersebut. Abdul Muis dikukuhkan sebagai Pahlawan Nasional yang pertama oleh Presiden RI, Soekarno, pada 30 Agustus 1959. Tahun 1917 ia dipercaya sebagai utusan Sarekat Islam pergi ke negeri Belanda untuk mempropagandakan komite Indie Weerbaar. Dalam kunjungan itu, dia mendorong tokoh-tokoh Belanda untuk mendirikan Technische Hooge School – Institut Teknologi Bandung (ITB) di Priangan. Selain berpidato dia juga berjuang melalui berbagai media cetak. Dalam tulisannya di harian berbahasa Belanda De Express, Abdul Muis mengecam seorang Belanda yang sangat menghina bumiputera. Pada tahun 1920, ia terpilih sebagai Ketua Pengurus Besar Perkumpulan Buruh Pegadaian. Setahun kemudian memimpin pemogokan kaum buruh di Yogyakarta. Tahun 1923 beliau mengunjungi Padang, Sumatera Barat. Disana ia mengundang para penghulu adat untuk bermusyawarah, menentang pajak yang memberatkan masyarakat Minangkabau. Karena kegiatannya tersebut ia dilarang berpolitik. Selain itu ia juga dikenakan passentelsel, yang melarangnya tinggal di Sumatera Barat. Kemudian ia diasingkan ke Garut, Jawa Barat. Di kota ini ia menyelesaikan novelnya yang terkenal : Salah Asuhan. Tahun 1926 ia terpilih menjadi anggota Regentschapsraad Garut. Dan enam tahun kemudian diangkat menjadi Regentschapsraad Controleur. Jabatan itu diembannya hingga Jepang masuk ke Indonesia (1942).Setelah kemerdekaan, ia mendirikan Persatuan Perjuangan Priangan yang fokus pada pembangunan di Jawa Barat dan masyarakat Sunda. Tahun 1959 ia wafat dan dimakamkan di TMP Cikutra, Bandung.",
      "img": "https://encrypted-tbn0.gstatic.com/images?q=tbn:ANd9GcTuwfrZm8HUpvsx6biD7tF-veNB8xdvi2KHc3XiPxSTHc4ad3ah"
    },
    {
      "nama": "Abdu Halim",
      "nama2": "KH. Abdoel Halim",
      "kategori": "Pahlawan Nasional",
      "asal": "Jawa Barat  ",
      "lahir": "Minggu , 26 Juni 1887 di Desa Cibolerang, Kecamatan Jatiwangi, Majalengka, Jawa Barat",
      "usia": "74 tahun",
      "gugur": "Kamis , 17 Mei 1962 di Bandung, Jawa Barat",
      "lokasimakam": "MPN KH Abdul Halim, Kompleks Pondok Pesantren Santi Asromo, Desa Pasirayu, Kecamatan Sindang, Kabupaten Majalengka, Jawa Barat.",
      "history": "K.H. Abdoel Halim adalah Pejuang Kemerdekaan, Penulis, Pendidik, dan Organisatoris Ulung. Anggota BPUPKI (1945). Anggota Komite Nasional indonesia Pusat (KNIP) dan Anggota Konstituante (tahun 1955). Bupati Majalengka, Pendiri Pesantren Santi Asromo dan sekolah lainnya (tahun 1942). Pendiri Majlis Ilmu (tahun 1911). Pendiri Hayatul Qulub (tahun 1912), Pendiri sekolah/madrasah Jam'iyah I'anah al-Muta'alimin (tahun 1916), Pendiri Persyarikatan Ulama, Fatimiyah beserta usaha pendukungnya (tahun 1917).Beliau adalah pahlawan Indonesia yang berjuang dalam memperjuangkan kemerdekaan Indonesia hingga mempertahankan dari Agresi Militer Belanda. Dalam mempertahankan kemerdekaan Abdul Halim berbasis di Gunung Ceremai untuk menghadapi Agresi Militer Belanda II dengan berperang gerilya. Ia memimpin dalam penghadangan militer Belanda di wilayah Keresidenan Cirebon. Ia, ikut dalam BPUPKI dalam rangka persiapan kemerdekaan Indonesia sebagai anggota BPUPKI. Beliau pernah menjadi Bupati Majalengka oleh Residen Cirebon, serta produktif menulis. Buku yang ditulisnya diantaranya adalah Dawat Al-mal, Tarich Islam, Neratja Hidoep, Risalat, Ijtima`iyyat wa Ilahuha, Kitab 262 Hadist Indonesia, Tafsir Juz `Amma, dan Koperasi dalam Islam Gelar pahlawan nasional diberikan kepada Abdul Halim bertepatan pada peringatan Hari Pahlawan tanggal 10 November 2008 (Keppres No. 41/TK/2008, tanggal 6 November 2008) ",
      "img": "https://encrypted-tbn2.gstatic.com/images?q=tbn:ANd9GcQukfDMD7KSFFWP3VIOHAnTXUC3I-Di3g3YIZ4TZYGHXi7FyenZ"
    },
    {
      "nama": "Abdulrahman Saleh ",
      "nama2": "Marsda.Prof.dr.Abdulrachman Saleh,Sp.F.",
      "kategori": "Pahlawan Nasional",
      "asal": "DIY (Yogyakarta) ",
      "lahir": "Kamis Kliwon, 1 Juli 1909   di Jakarta, Indonesia",
      "usia": "38 tahun",
      "gugur": "Selasa, 29 Juli 1947   di Maguwoharjo, Sleman, DI Yoyakarta.",
      "lokasimakam": "Kompleks Monumen Perjuangan TNI AU Dusun Ngoto, Desa Tamanan, Banguntapan, Bantul, DI Yogyakarta",
      "history": "Tokoh Awal di Angkatan Udara, Aktifis Kemerdekaan. Bapak Fisiologi Kedokteran Indonesia. Tokoh, Pendiri, dan Ketua organisasi Radio Republik Indonesia (RRI), beliau juga banyak membantu dalam hal keuangan dan teknis. Beliau putra dr. Mohammad Saleh (salah seorang pendiri Budi Utomo, terkenal sebagai dokter yang dermawan dan banyak membantu perjuangan rakyat Probolinggo Jawa Timur).",
      "img": "https://upload.wikimedia.org/wikipedia/commons/thumb/a/a4/AbdulrachmanSaleh.jpg/220px-AbdulrachmanSaleh.jpg"
    }
  ]
}